{"loss": [1.4313565492630005, 0.47000735998153687, 0.2730008363723755, 0.18322744965553284, 0.1401491016149521, 0.10886190831661224, 0.08768664300441742, 0.0748719647526741, 0.0646626427769661, 0.05491090938448906], "accuracy": [0.5767266750335693, 0.850088894367218, 0.911657989025116, 0.9395974278450012, 0.9548616409301758, 0.9655167460441589, 0.9714915752410889, 0.9756597280502319, 0.9795860052108765, 0.9817625880241394], "val_loss": [0.542772650718689, 0.3149743378162384, 0.22836188971996307, 0.19525928795337677, 0.20872721076011658, 0.1375657320022583, 0.15314824879169464, 0.18379056453704834, 0.09459300339221954, 0.10456817597150803], "val_accuracy": [0.830525815486908, 0.8959139585494995, 0.926815390586853, 0.9374004006385803, 0.932506263256073, 0.9568063020706177, 0.9517983198165894, 0.9425221681594849, 0.9715456366539001, 0.9700660109519958]}